client_id	path	sentence	up_votes	down_votes	age	gender	accents	locale	segment
78ec814c3a17086bfbff13323ae5d1d38a57f64e0d157b5b4fa7017bf4ecff7749985ef359c1d397f59c193f7d7f2f5f39454d128cd055bcb50480ef80819139	common_voice_ca_34929701.mp3	Dimarts na Dèlia i na Núria aniran a Poboleda.	2	2	seventies	female	central	ca	
f29b4f7594661cf3f04c366288486cc78dc42f76538c2ccf056246528b5aaf36ca08acfd15f507ad1c8a678ab9742200c4147f4e2fcd0384f1f91883965fc93c	common_voice_ca_34934161.mp3	La ciutat de Munger és la seu administrativa del districte.	0	4	fourties	male	Català de Mallorca 	ca	
978e660437401f6ca9572315fb66ff657ae381d11cc28ec552a3b63c7d2a1ce672e372a3c79c506aeee8140ea5115febc6cbdcd2fad1fa3b0efbaf8bacd69fef	common_voice_ca_34934971.mp3	Debutaren els esports de l'hípica, el golf, l'handbol, el rem, i l'hoquei sobre herba femení.	1	2				ca	
2b59e9f830e5ea00c500b63eff4e72553e0c2608f5741d35c226e733400412014d7697bd6efb67bc61b19fd61e40f9ed70fde2589fe0b5498915eebc1c8b5d93	common_voice_ca_34936041.mp3	La música del projecte no només es va publicar a Intastella Records.	3	3	fourties	male	nord-occidental,Tortosí	ca	
2b59e9f830e5ea00c500b63eff4e72553e0c2608f5741d35c226e733400412014d7697bd6efb67bc61b19fd61e40f9ed70fde2589fe0b5498915eebc1c8b5d93	common_voice_ca_34936973.mp3	Per Cap d'Any na Joana voldria anar a Poboleda.	0	3	fourties	male	nord-occidental,Tortosí	ca	
967d23f93251965620d2a692969aabb61ca641776419f0a4001c980423feaa663a26e822238755637c0b1e62247f848ddc2b75a6bfe55af50caa5a4ff6b28ca2	common_voice_ca_34938279.mp3	A veure si al maleït coix li trenco jo l'altra cama!	0	4	sixties		valencià	ca	
7073b04a40b4382289b04c268879bd411725a5d093ee351809772d32362388c0f4a4b842ac216b26c427e8e90a5336778888f1cdbbbd3957882e39bfa261e6df	common_voice_ca_34951540.mp3	El deu d'agost en Juli i na Nit iran a Figueres.	0	6	fourties	female	balear,mallorquí	ca	
c151beb5a3cdfbe4d272fd5dd9fad5fe6bdb1b1afd58c3939d58693702a6bbaf3f5ef2d77e03d5fd3e3fc592cf32910afd22095356e27d0d589395392fe55c05	common_voice_ca_34954299.mp3	Econòmicament predomina l'agricultura de secà amb conreu de cereals, raïm, olivera, pomeres i ametlers.	0	2			central	ca	
e2149bbcce2cefa64933ebbd2df8b55a5db7863a7d54f883bc4603040bfbcafe43288707278b223eb9b77d89b01d606a70cc737cd2078018c3813037c0885580	common_voice_ca_34956190.mp3	L'11 de gener és Cap d'Any.	0	2	sixties	male		ca	
bfe8d96ce71f9cce7bd16b5282041c66773405f1a11f4f0c8d3b6e81646f262bdac0cb3ee8f54e13175ba9ed7da38407e8a9aeff20972271f0c62c0b19f8b644	common_voice_ca_34957951.mp3	El nou d'octubre na Lis irà a la platja.	0	2	sixties	male	central	ca	
978e660437401f6ca9572315fb66ff657ae381d11cc28ec552a3b63c7d2a1ce672e372a3c79c506aeee8140ea5115febc6cbdcd2fad1fa3b0efbaf8bacd69fef	common_voice_ca_34962037.mp3	El nou d'octubre en Guiu i na Sira aniran als Pallaresos.	1	2				ca	
0838f3bf125f42e1c1689e0026ba38d20ff64c6466fc5597a862f7718b05606511ab2daed1de0c0bc13715826288395baa3ab969648a7c3dafee7b93cadb4217	common_voice_ca_34964355.mp3	Com puc arribar a la plaça de Ramon Calsina número dinou?	0	2				ca	
be915edb40ab82d6d209db3d60143505ce2eb9dd55c1d1c76adc03c26d2ede0ae737313db4395b40c61a8e72161ab660fa115a87a02027fb9933fd5b315405c0	common_voice_ca_34967948.mp3	Maria Rosa Tarragó Daussà és una empresària nascuda a Palafrugell.	0	2	thirties	male	central	ca	
be915edb40ab82d6d209db3d60143505ce2eb9dd55c1d1c76adc03c26d2ede0ae737313db4395b40c61a8e72161ab660fa115a87a02027fb9933fd5b315405c0	common_voice_ca_34967990.mp3	Divendres na Dolça i en Marc aniran al metge.	0	2	thirties	male	central	ca	
be915edb40ab82d6d209db3d60143505ce2eb9dd55c1d1c76adc03c26d2ede0ae737313db4395b40c61a8e72161ab660fa115a87a02027fb9933fd5b315405c0	common_voice_ca_34968312.mp3	La Buffy i el Giles esbrinen que el First Evil ha estat tornant boig l'Angel.	4	4	thirties	male	central	ca	
be915edb40ab82d6d209db3d60143505ce2eb9dd55c1d1c76adc03c26d2ede0ae737313db4395b40c61a8e72161ab660fa115a87a02027fb9933fd5b315405c0	common_voice_ca_34970006.mp3	Per Cap d'Any en Lluc anirà a Quartell.	0	4	thirties	male	central	ca	
6490c99f98cd5b468edba36c2217759d86d7dd453cf606ce27bb0948f072cc31ca1327b63226b3e6f3702c0d62d659d90f529360da494401babaa32ef1df4a1b	common_voice_ca_34970205.mp3	Necessitem ajuda urgent, ens hi juguem accelerar la normalitat radicalment, i salvar l'estiu.	1	2				ca	
be915edb40ab82d6d209db3d60143505ce2eb9dd55c1d1c76adc03c26d2ede0ae737313db4395b40c61a8e72161ab660fa115a87a02027fb9933fd5b315405c0	common_voice_ca_34970548.mp3	El nou d'octubre en Quintí i na Rita aniran a Sant Julià del Llor i Bonmatí.	2	2	thirties	male	central	ca	
be915edb40ab82d6d209db3d60143505ce2eb9dd55c1d1c76adc03c26d2ede0ae737313db4395b40c61a8e72161ab660fa115a87a02027fb9933fd5b315405c0	common_voice_ca_34971728.mp3	El vint-i-tres de maig en Renat August i en Roc iran al metge.	2	4	thirties	male	central	ca	
be915edb40ab82d6d209db3d60143505ce2eb9dd55c1d1c76adc03c26d2ede0ae737313db4395b40c61a8e72161ab660fa115a87a02027fb9933fd5b315405c0	common_voice_ca_34971734.mp3	Demà na Blau i na Berta iran d'excursió.	0	2	thirties	male	central	ca	
5569775073a4e0ad6b9cc625c6899730da7f4fd6ed5abf7349722e9240d82323259932a6fbb89565e3efa47c9b18bbd83b25cedcc92712bc9c580e9d7c2e28c4	common_voice_ca_34971925.mp3	Dimarts en Quel i na Mar iran a la Vall d'Alcalà.	0	2			central	ca	
c334523b463f5353c2b43e0db2f20b96dcbbc946917a56821cd9f709494c90d13568874c9b2b5a7e508c4bb94bca79f79d0067d8dcb65d34cb7d81c72710f5d3	common_voice_ca_34972684.mp3	El vint-i-tres de maig na Queralt vol anar a la biblioteca.	0	2	fourties	female	central	ca	
96c84c7c66b310b164bb3aa8b0cfa5bde4962f6e040bab0b25c4bfe48ddcdfc268960baec2cfb19a5e7d6c3d72875bfbfc0ac8fdc1b72044a2b9916fee8519d3	common_voice_ca_34972818.mp3	Dilluns na Blanca i en Milos iran a Puigdàlber.	0	2			balear	ca	
979411e16cfb975531ca911e834715e4828209bffd966883d385b752aa40975efc9be8450e78e39cebdc23a33f01597011752201f55ee54d0f9b0d5158700d79	common_voice_ca_34973639.mp3	El deu d'agost na Cira i na Xènia aniran a Cassà de la Selva.	2	2	twenties	female	central	ca	
979411e16cfb975531ca911e834715e4828209bffd966883d385b752aa40975efc9be8450e78e39cebdc23a33f01597011752201f55ee54d0f9b0d5158700d79	common_voice_ca_34973698.mp3	El vint-i-tres de maig en Quel va a Beneixida.	0	4	twenties	female	central	ca	
b6d1cb0f0e760e3086a5ee75f91aa3bd646d2a56c2fecc0d0e82c93349816b1b284ae5f52266680280d1edc2238d878ca9824ac9e53f34679a5956df64b1e301	common_voice_ca_34974633.mp3	Vull anar a Botarell a peu.	0	2	sixties	male	central	ca	
2a447822761788c88388ed4bac03e9116be62fee08f983d797104c837e8cc67c2952589a7314c166a391cec580ca3ccd016436ea65ca73736181bc4feb037a7e	common_voice_ca_34975128.mp3	Em dic Cira Calvache: ce, a, ela, ve baixa, a, ce, hac, e.	0	2				ca	
be915edb40ab82d6d209db3d60143505ce2eb9dd55c1d1c76adc03c26d2ede0ae737313db4395b40c61a8e72161ab660fa115a87a02027fb9933fd5b315405c0	common_voice_ca_34976927.mp3	Formaven part de l'Appalachian League i estaven afiliats als Chicago Cubs.	0	2	thirties	male	central	ca	
2b59e9f830e5ea00c500b63eff4e72553e0c2608f5741d35c226e733400412014d7697bd6efb67bc61b19fd61e40f9ed70fde2589fe0b5498915eebc1c8b5d93	common_voice_ca_34978191.mp3	Un fenomen infreqüent que ben bé mereixia que tractàrem d’obtenir una bella imatge.	0	6	fourties	male	nord-occidental,Tortosí	ca	
f29b4f7594661cf3f04c366288486cc78dc42f76538c2ccf056246528b5aaf36ca08acfd15f507ad1c8a678ab9742200c4147f4e2fcd0384f1f91883965fc93c	common_voice_ca_34978431.mp3	Demà passat en Max irà al teatre.	0	4	fourties	male	Català de Mallorca 	ca	
cfc0861f53e09d20e9b0e6cc37df5ddac4773068369ab2617f227307af5b811ec1c48c3bb974ef47cfadd7275ab025d4482ca3d2055c63b2d185d8fcd77fb77f	common_voice_ca_34980817.mp3	Divendres n'Eulàlia i na Nàdia van a Orpí.	0	2	fifties	male		ca	
be915edb40ab82d6d209db3d60143505ce2eb9dd55c1d1c76adc03c26d2ede0ae737313db4395b40c61a8e72161ab660fa115a87a02027fb9933fd5b315405c0	common_voice_ca_34981313.mp3	Per Cap d'Any en Joan i na Laura aniran a la Molsosa.	0	2	thirties	male	central	ca	
e84da75015a9f0c60a06419cd7180d266c7479dfbaa5949898142c488b7c094e31163da1d3fab4d84bc77ba305f579508d78a8dea6c8a5414920948be416b629	common_voice_ca_34982040.mp3	Dimarts na Gal·la i en Cesc aniran a Cabrera de Mar.	1	2				ca	
be915edb40ab82d6d209db3d60143505ce2eb9dd55c1d1c76adc03c26d2ede0ae737313db4395b40c61a8e72161ab660fa115a87a02027fb9933fd5b315405c0	common_voice_ca_34982528.mp3	Com la puc demanar?	0	2	thirties	male	central	ca	
376f704bea9112bb0ce5b0b4c4484d5a3d472c70f0fa6bc48bd316602e31fb4919b62ecf812eff604b27cac122f3c1855a56026f4e9cd7499a3ff7ad98298337	common_voice_ca_34982776.mp3	La inversió en aquest recinte aconsegueix els tres mil cinc-cents cinquanta euros.	0	2				ca	
78ec814c3a17086bfbff13323ae5d1d38a57f64e0d157b5b4fa7017bf4ecff7749985ef359c1d397f59c193f7d7f2f5f39454d128cd055bcb50480ef80819139	common_voice_ca_34985589.mp3	El Víctor no pot ni acabar de pronunciar el preceptiu facin joc, senyors.	0	2	seventies	female	central	ca	
78ec814c3a17086bfbff13323ae5d1d38a57f64e0d157b5b4fa7017bf4ecff7749985ef359c1d397f59c193f7d7f2f5f39454d128cd055bcb50480ef80819139	common_voice_ca_34985642.mp3	Per Cap d'Any en Drac i na Blau iran d'excursió.	2	2	seventies	female	central	ca	
be915edb40ab82d6d209db3d60143505ce2eb9dd55c1d1c76adc03c26d2ede0ae737313db4395b40c61a8e72161ab660fa115a87a02027fb9933fd5b315405c0	common_voice_ca_34985905.mp3	Telefona a l'Azahara Montejano.	2	2	thirties	male	central	ca	
be915edb40ab82d6d209db3d60143505ce2eb9dd55c1d1c76adc03c26d2ede0ae737313db4395b40c61a8e72161ab660fa115a87a02027fb9933fd5b315405c0	common_voice_ca_34986359.mp3	Quines parades fa l'autobús que va a Montellà i Martinet?	0	2	thirties	male	central	ca	
be915edb40ab82d6d209db3d60143505ce2eb9dd55c1d1c76adc03c26d2ede0ae737313db4395b40c61a8e72161ab660fa115a87a02027fb9933fd5b315405c0	common_voice_ca_34990325.mp3	La idea bàsica és que invocarem l'API C de Python.	0	2	thirties	male	central	ca	
c2803b4b2ab026b2a0537aaed5590a10ed9df0e8c64cfe50ad5df7cd4918e4da9dbc178598aa185cfb527ed0e27bdf07c61e65ea19bf694cb24f954916f2ac9e	common_voice_ca_34997269.mp3	Divendres na Tanit i en Nel voldria anar al cinema.	0	2				ca	
be915edb40ab82d6d209db3d60143505ce2eb9dd55c1d1c76adc03c26d2ede0ae737313db4395b40c61a8e72161ab660fa115a87a02027fb9933fd5b315405c0	common_voice_ca_34998496.mp3	Ada Colau és l'alcaldessa de Barcelona.	2	4	thirties	male	central	ca	
be915edb40ab82d6d209db3d60143505ce2eb9dd55c1d1c76adc03c26d2ede0ae737313db4395b40c61a8e72161ab660fa115a87a02027fb9933fd5b315405c0	common_voice_ca_35001059.mp3	Dijous na Greta i en Julià volen anar a Figueroles de Domenyo.	0	2	thirties	male	central	ca	
78ec814c3a17086bfbff13323ae5d1d38a57f64e0d157b5b4fa7017bf4ecff7749985ef359c1d397f59c193f7d7f2f5f39454d128cd055bcb50480ef80819139	common_voice_ca_35003625.mp3	¿La Terra es mou o no?	0	2	seventies	female	central	ca	
78ec814c3a17086bfbff13323ae5d1d38a57f64e0d157b5b4fa7017bf4ecff7749985ef359c1d397f59c193f7d7f2f5f39454d128cd055bcb50480ef80819139	common_voice_ca_35003744.mp3	De moment, es desconeix l’autoria de l’atac.	0	2	seventies	female	central	ca	
447af5e0ee442ef15808eff05defd7f494ad052317575ca1818960719dcef1b1bd9ebdb6b10fe802c6fd6763f3a3fbde924726ce9810536c278a287e0ecfb38a	common_voice_ca_35005688.mp3	La majoria de les persones equivocadament assumir que un pla de barri es farà democràticament.	0	2				ca	
b1a0cbb91459433ff6de32b189783a734c2ada4c04d7dd164de449ce79c749d382aff10aa9ed7b4449af3390da51585123ef88719ecf7cfea9c24223023a23dd	common_voice_ca_35006776.mp3	Durant aquest últim any han estat treballant en el projecte ‘Reimagine Drone’.	0	2			central	ca	
78ec814c3a17086bfbff13323ae5d1d38a57f64e0d157b5b4fa7017bf4ecff7749985ef359c1d397f59c193f7d7f2f5f39454d128cd055bcb50480ef80819139	common_voice_ca_35006947.mp3	No s’acceptarà que hi hagi estructures paral·leles.	2	2	seventies	female	central	ca	
b96a5e368f372a886f7c7db826b8f8c3eaef488c24eaea690ab0f55fdd1de4bff39657b53c9f12982bae845f7b7d0d1f08c0447d7382efd0c1c6fd0c6881d75a	common_voice_ca_35009164.mp3	Heus ací el vídeo sencer dels fets.	0	4	thirties	female	balear	ca	
b96a5e368f372a886f7c7db826b8f8c3eaef488c24eaea690ab0f55fdd1de4bff39657b53c9f12982bae845f7b7d0d1f08c0447d7382efd0c1c6fd0c6881d75a	common_voice_ca_35009168.mp3	Diumenge en Rauric i na Marta iran a Jorba.	0	2	thirties	female	balear	ca	
78ec814c3a17086bfbff13323ae5d1d38a57f64e0d157b5b4fa7017bf4ecff7749985ef359c1d397f59c193f7d7f2f5f39454d128cd055bcb50480ef80819139	common_voice_ca_35012689.mp3	Es diu que vostè té un caràcter pacífic i mesurat.	2	2	seventies	female	central	ca	
78ec814c3a17086bfbff13323ae5d1d38a57f64e0d157b5b4fa7017bf4ecff7749985ef359c1d397f59c193f7d7f2f5f39454d128cd055bcb50480ef80819139	common_voice_ca_35014199.mp3	El deu d'agost en Joan i en Biel iran al Fondó de les Neus.	0	2	seventies	female	central	ca	
78ec814c3a17086bfbff13323ae5d1d38a57f64e0d157b5b4fa7017bf4ecff7749985ef359c1d397f59c193f7d7f2f5f39454d128cd055bcb50480ef80819139	common_voice_ca_35014202.mp3	El deu d'agost en Mateu i na Rita iran al metge.	0	2	seventies	female	central	ca	
2a9dba3432e1ecf42c5443a94df1f352cf39aeef3bdfb9a461d99366da09007276987fcd06eea4c5e038dbee560e5b8896dd74b861a9edb2c827cac8804c75ec	common_voice_ca_35016557.mp3	Tom sobre les despulles del capità Cook.	2	2	fifties	male	central	ca	
cd6286f379b071fb084f15c02771115ad2a4a5a12e5d75f2c2d447722198e60667a5bae96b02d7bcbebce9e03e0b1fd07da5cbbc0adb564845d4b085e6fd6e01	common_voice_ca_35016709.mp3	El seu cognom és Amaro: a, ema, a, erra, o.	2	4			balear	ca	
5569775073a4e0ad6b9cc625c6899730da7f4fd6ed5abf7349722e9240d82323259932a6fbb89565e3efa47c9b18bbd83b25cedcc92712bc9c580e9d7c2e28c4	common_voice_ca_35016832.mp3	Demà passat na Damià i en Quintí iran a la Coma i la Pedra.	0	2			central	ca	
5569775073a4e0ad6b9cc625c6899730da7f4fd6ed5abf7349722e9240d82323259932a6fbb89565e3efa47c9b18bbd83b25cedcc92712bc9c580e9d7c2e28c4	common_voice_ca_35016978.mp3	Divendres en Mirt i en Pau iran a Camallera i Llampaies Saus.	0	2			central	ca	
2b59e9f830e5ea00c500b63eff4e72553e0c2608f5741d35c226e733400412014d7697bd6efb67bc61b19fd61e40f9ed70fde2589fe0b5498915eebc1c8b5d93	common_voice_ca_35017776.mp3	Alguns d’ells han compartit cel·la amb nosaltres.	0	3	fourties	male	nord-occidental,Tortosí	ca	
7fa27c3b69d22967ca9320e11aedf745bf6402eecaa3e5704310132d48e861d4d042a3923d90dc2f37b36ef84648a70ddd40a882bc2bf913ccbf5d1570227038	common_voice_ca_35018436.mp3	El govern d’Espanya l’escoltarà?.	0	2	fourties	male	aprenent (recent, des d'altres llengües)	ca	
be915edb40ab82d6d209db3d60143505ce2eb9dd55c1d1c76adc03c26d2ede0ae737313db4395b40c61a8e72161ab660fa115a87a02027fb9933fd5b315405c0	common_voice_ca_35019561.mp3	Les seves pressions no han reeixit, si més no ara com ara.	2	2	thirties	male	central	ca	
be915edb40ab82d6d209db3d60143505ce2eb9dd55c1d1c76adc03c26d2ede0ae737313db4395b40c61a8e72161ab660fa115a87a02027fb9933fd5b315405c0	common_voice_ca_35019575.mp3	Diumenge na Clàudia anirà a la Pobla de Lillet.	0	2	thirties	male	central	ca	
be915edb40ab82d6d209db3d60143505ce2eb9dd55c1d1c76adc03c26d2ede0ae737313db4395b40c61a8e72161ab660fa115a87a02027fb9933fd5b315405c0	common_voice_ca_35019610.mp3	Normalment comença a mitjans o finals d'agost i acaba a principis de setembre, habitualment el primer dilluns de setembre.	0	2	thirties	male	central	ca	
be915edb40ab82d6d209db3d60143505ce2eb9dd55c1d1c76adc03c26d2ede0ae737313db4395b40c61a8e72161ab660fa115a87a02027fb9933fd5b315405c0	common_voice_ca_35019644.mp3	Connexió lògica entre les premisses i la conclusió.	2	2	thirties	male	central	ca	
1a73847a922f7099cab0535d19bc02af683830bcb4c87c1499e6c922c283e35f036b90292c1eca9c4974aefbf4ed793bc713ab93275b0d217be1ea98862cefbf	common_voice_ca_35023149.mp3	Isaac Espina Godayol és una persona nascuda a Hospital de la Santa Creu i Sant Pau.	0	2				ca	
6745c47d0bd557c3dbce201697e8a2fbaff9ca52744d6007a636a237b82d1167795a0c0e2e5eb71b7460ed16e3fdcdac1dba1b7a2910d5168416e236c93ccb76	common_voice_ca_35024943.mp3	Avui té una mica de pressa.	0	3	fifties	female	central,De Mont-roig del Camp (Baix Camp)	ca	
6745c47d0bd557c3dbce201697e8a2fbaff9ca52744d6007a636a237b82d1167795a0c0e2e5eb71b7460ed16e3fdcdac1dba1b7a2910d5168416e236c93ccb76	common_voice_ca_35025748.mp3	S'ha observat asimetria en l'esquizofrènia.	3	3	fifties	female	central,De Mont-roig del Camp (Baix Camp)	ca	
78ec814c3a17086bfbff13323ae5d1d38a57f64e0d157b5b4fa7017bf4ecff7749985ef359c1d397f59c193f7d7f2f5f39454d128cd055bcb50480ef80819139	common_voice_ca_35032208.mp3	Eduardo Mendoza? —va intentar el Pere.	2	2	seventies	female	central	ca	
78ec814c3a17086bfbff13323ae5d1d38a57f64e0d157b5b4fa7017bf4ecff7749985ef359c1d397f59c193f7d7f2f5f39454d128cd055bcb50480ef80819139	common_voice_ca_35032228.mp3	Aquest disseny és molt inusual en els aeroports.	2	2	seventies	female	central	ca	
ec930d23ce45bf525aad628b67334c6e1693de17193c5737354e4b8398d441d81efc4951a00ad4091cd0856f68ead3e9a9b43e2dbf71a33ca5c95f1675ab8fe3	common_voice_ca_35033250.mp3	La meva mare es diu Alaia Oteiza: o, te, e, i, zeta, a.	1	2	fourties	male		ca	
5569775073a4e0ad6b9cc625c6899730da7f4fd6ed5abf7349722e9240d82323259932a6fbb89565e3efa47c9b18bbd83b25cedcc92712bc9c580e9d7c2e28c4	common_voice_ca_35045229.mp3	Si gran és el repte, més gran serà la victòria.	0	4			central	ca	
85c9e13ccfc0d67de10281b04257d8ac0c256d2f9415e54148fb59954c0d43f66d3cbea43ea6389f8407a8bda8b1b1becd30e41dfbb3dd9bebbe69816d096fa9	common_voice_ca_35047425.mp3	El nou d'octubre na Rosó i na Noa volen anar a la biblioteca.	1	2	sixties	male	central	ca	
534a4179d93d5f195f964aab54cbca0a69c82377d8b67e9191cd947a85d06c48340a6a1c591e8649915dcf491f731a7d98c434a47697754f2209c9f9093afa6c	common_voice_ca_35051905.mp3	Divendres en Martí i en Marc iran a València.	2	2	sixties	male	central	ca	
c485c3333dbd05234616bd4b2a8fa96f8861750cb3ffcf4626f45795371e266160af8682cf96eb7ad6b3b35568833cd50bb57b56193a235a564dea1a045dd3f5	common_voice_ca_35057298.mp3	Va morir en el moment de la tornada, quan era a Itàlia.	0	4	twenties	male	valencià	ca	
c485c3333dbd05234616bd4b2a8fa96f8861750cb3ffcf4626f45795371e266160af8682cf96eb7ad6b3b35568833cd50bb57b56193a235a564dea1a045dd3f5	common_voice_ca_35058513.mp3	Per Sant Jordi en Manel i na Xènia iran a visitar mon oncle.	2	2	twenties	male	valencià	ca	
78ec814c3a17086bfbff13323ae5d1d38a57f64e0d157b5b4fa7017bf4ecff7749985ef359c1d397f59c193f7d7f2f5f39454d128cd055bcb50480ef80819139	common_voice_ca_35060578.mp3	Jo estava abaltit per la morfina	2	2	seventies	female	central	ca	
5eabd4ecac8c212454c8f310d38a2327d787426cd129c3a9224d1acb05c48c2300de786c62f0f525c442a02bc451fb741ae8246120a755d2bcad5b068c035aa1	common_voice_ca_35063380.mp3	El vint-i-tres de maig en Biel va a Beniparrell.	0	2	fifties	female	aprenent (recent, des d'altres llengües)	ca	
978e660437401f6ca9572315fb66ff657ae381d11cc28ec552a3b63c7d2a1ce672e372a3c79c506aeee8140ea5115febc6cbdcd2fad1fa3b0efbaf8bacd69fef	common_voice_ca_35067060.mp3	Per Sant Jordi na Gina va a Guadasséquies.	0	2				ca	
78ec814c3a17086bfbff13323ae5d1d38a57f64e0d157b5b4fa7017bf4ecff7749985ef359c1d397f59c193f7d7f2f5f39454d128cd055bcb50480ef80819139	common_voice_ca_35069066.mp3	El vint-i-nou de febrer na Vera i na Mar aniran al metge.	2	2	seventies	female	central	ca	
78ec814c3a17086bfbff13323ae5d1d38a57f64e0d157b5b4fa7017bf4ecff7749985ef359c1d397f59c193f7d7f2f5f39454d128cd055bcb50480ef80819139	common_voice_ca_35074277.mp3	Elder és l'editor austro-asiàtic del Trivial Pursuit australià.	2	2	seventies	female	central	ca	
b1a0cbb91459433ff6de32b189783a734c2ada4c04d7dd164de449ce79c749d382aff10aa9ed7b4449af3390da51585123ef88719ecf7cfea9c24223023a23dd	common_voice_ca_35076936.mp3	Va tenir fama de monjo zelós i de vida santa.	0	2			central	ca	
78ec814c3a17086bfbff13323ae5d1d38a57f64e0d157b5b4fa7017bf4ecff7749985ef359c1d397f59c193f7d7f2f5f39454d128cd055bcb50480ef80819139	common_voice_ca_35079254.mp3	Actualment, la banda de culte Unhindered està servint com a líders de culte de YouthQuake.	2	2	seventies	female	central	ca	
78ec814c3a17086bfbff13323ae5d1d38a57f64e0d157b5b4fa7017bf4ecff7749985ef359c1d397f59c193f7d7f2f5f39454d128cd055bcb50480ef80819139	common_voice_ca_35079982.mp3	Hi ha diverses versions modernes molt similars de la prova de Lagrange.	0	2	seventies	female	central	ca	
2a9dba3432e1ecf42c5443a94df1f352cf39aeef3bdfb9a461d99366da09007276987fcd06eea4c5e038dbee560e5b8896dd74b861a9edb2c827cac8804c75ec	common_voice_ca_35081852.mp3	Com que no han pogut canviar-me d’arguments, ens han tirat arena.	2	2	fifties	male	central	ca	
78ec814c3a17086bfbff13323ae5d1d38a57f64e0d157b5b4fa7017bf4ecff7749985ef359c1d397f59c193f7d7f2f5f39454d128cd055bcb50480ef80819139	common_voice_ca_35092150.mp3	El vint-i-tres de maig na Rita vol anar al metge.	0	2	seventies	female	central	ca	
6a77e56526c7e29dac80a1af670388c016307ef5449367acc65a0f40a35b406944c0d3676f12b827fac3e8ecfc46f3a31e40e763ee13311aaacc7c4679da3553	common_voice_ca_35099612.mp3	Dimecres na Rosó anirà a la Vall d'Almonesir.	0	2				ca	
2a9dba3432e1ecf42c5443a94df1f352cf39aeef3bdfb9a461d99366da09007276987fcd06eea4c5e038dbee560e5b8896dd74b861a9edb2c827cac8804c75ec	common_voice_ca_35107579.mp3	La seva carrera va enlairar-se i es va refer en hindi, telugu, malaiàlam i kannada.	2	2	fifties	male	central	ca	
3031361741f22432dac153428253cf38e88084f516b13132b32e9f0979a63572c05f53c5feba21e909c927b60349430f0273f5e7c40e66b3d1e1820c287d2ec7	common_voice_ca_35112000.mp3	El vint-i-nou de febrer na Nàdia i na Nara aniran a Altea.	0	2	teens	male	balear	ca	
78ec814c3a17086bfbff13323ae5d1d38a57f64e0d157b5b4fa7017bf4ecff7749985ef359c1d397f59c193f7d7f2f5f39454d128cd055bcb50480ef80819139	common_voice_ca_35114837.mp3	El vint-i-nou de febrer voldríem anar a la Masó.	0	2	seventies	female	central	ca	
9ea139ef8071de6a7f9d42fe3e30ade4bc9d7d1acded3a70acb57b00cd96affa22065e80db35be46f222920ec60ab42aa81737078e66f56c0dfe2467aea94fdc	common_voice_ca_35116414.mp3	Per Cap d'Any na Gina i na Carlota van a Pego.	2	2			central	ca	
78ec814c3a17086bfbff13323ae5d1d38a57f64e0d157b5b4fa7017bf4ecff7749985ef359c1d397f59c193f7d7f2f5f39454d128cd055bcb50480ef80819139	common_voice_ca_35119206.mp3	Demà na Farners i en Pere iran a visitar mon oncle.	2	2	seventies	female	central	ca	
78ec814c3a17086bfbff13323ae5d1d38a57f64e0d157b5b4fa7017bf4ecff7749985ef359c1d397f59c193f7d7f2f5f39454d128cd055bcb50480ef80819139	common_voice_ca_35122597.mp3	El vint-i-tres de maig en Genís i na Blau iran als Omellons.	0	2	seventies	female	central	ca	
88ba831c41a40af641ad851baa82b1194934cb9b61ca21b9bdd239e67eab4ec4b54c10bc5dfe713e643ce464505bd5af3e3cc994498edca1b035ffb886b7c28b	common_voice_ca_35129130.mp3	A l'exterior corre una cornisa rematada amb caps de monstres, petxines, boles i flors.	0	3	fifties	male	balear,menorquí	ca	
78ec814c3a17086bfbff13323ae5d1d38a57f64e0d157b5b4fa7017bf4ecff7749985ef359c1d397f59c193f7d7f2f5f39454d128cd055bcb50480ef80819139	common_voice_ca_35130458.mp3	Des de fa dècades la costa empordanesa és coneguda per les celebracions de carnaval.	0	2	seventies	female	central	ca	
78ec814c3a17086bfbff13323ae5d1d38a57f64e0d157b5b4fa7017bf4ecff7749985ef359c1d397f59c193f7d7f2f5f39454d128cd055bcb50480ef80819139	common_voice_ca_35131206.mp3	Em dic Juliette Carralero: ce, a, erra, erra, a, ela, e, erra, o.	2	4	seventies	female	central	ca	
78ec814c3a17086bfbff13323ae5d1d38a57f64e0d157b5b4fa7017bf4ecff7749985ef359c1d397f59c193f7d7f2f5f39454d128cd055bcb50480ef80819139	common_voice_ca_35131227.mp3	El vint-i-tres de maig na Vinyet i na Vera van a Sant Fost de Campsentelles.	2	2	seventies	female	central	ca	
2b59e9f830e5ea00c500b63eff4e72553e0c2608f5741d35c226e733400412014d7697bd6efb67bc61b19fd61e40f9ed70fde2589fe0b5498915eebc1c8b5d93	common_voice_ca_35132486.mp3	Allà, els van fer una prova d’antígens, que va sortir positiva.	3	3	fourties	male	nord-occidental,Tortosí	ca	
5eabd4ecac8c212454c8f310d38a2327d787426cd129c3a9224d1acb05c48c2300de786c62f0f525c442a02bc451fb741ae8246120a755d2bcad5b068c035aa1	common_voice_ca_35134511.mp3	El nou d'octubre na Gemma irà a la biblioteca.	2	2	fifties	female	aprenent (recent, des d'altres llengües)	ca	
541ab6da8df21e37f7d1d7ecfefcaef3056c565ee769c859bdbfbbc3e6a2655ac7e0defd0003641ab805e669bf08fe1002bd07429cb40844a9c8487fde47bcb4	common_voice_ca_35148108.mp3	Ha estat vicepresidenta de la Comissió de Política Social i Ocupació de les Corts Valencianes.	0	3			central,tarragoní	ca	
541ab6da8df21e37f7d1d7ecfefcaef3056c565ee769c859bdbfbbc3e6a2655ac7e0defd0003641ab805e669bf08fe1002bd07429cb40844a9c8487fde47bcb4	common_voice_ca_35148139.mp3	El deu d'agost na Jana va a Ullastret.	0	3	thirties	male	central,tarragoní	ca	
2b59e9f830e5ea00c500b63eff4e72553e0c2608f5741d35c226e733400412014d7697bd6efb67bc61b19fd61e40f9ed70fde2589fe0b5498915eebc1c8b5d93	common_voice_ca_35148689.mp3	La doctora Vega repeteix les seves paraules.	3	3	fourties	male	nord-occidental,Tortosí	ca	
2b59e9f830e5ea00c500b63eff4e72553e0c2608f5741d35c226e733400412014d7697bd6efb67bc61b19fd61e40f9ed70fde2589fe0b5498915eebc1c8b5d93	common_voice_ca_35148839.mp3	Nosaltres ja diem que no, va concloure.	0	3	fourties	male	nord-occidental,Tortosí	ca	
78ec814c3a17086bfbff13323ae5d1d38a57f64e0d157b5b4fa7017bf4ecff7749985ef359c1d397f59c193f7d7f2f5f39454d128cd055bcb50480ef80819139	common_voice_ca_35156702.mp3	El meu pare es diu Mario Bernardez: be, e, erra, ena, a, erra, de, e, zeta.	2	2	seventies	female	central	ca	
78ec814c3a17086bfbff13323ae5d1d38a57f64e0d157b5b4fa7017bf4ecff7749985ef359c1d397f59c193f7d7f2f5f39454d128cd055bcb50480ef80819139	common_voice_ca_35172412.mp3	Fer com les surgències d'aigua.	0	4	seventies	female	central	ca	
703e9b6143668622bc6c7b6abd8e7807b69a9f356ff1ad096b42c7c1de1b6f6c3068d7f8d4873f756df335337672991d512515f9d16bbdf5a5a4daa553189db6	common_voice_ca_35172865.mp3	Per Cap d'Any en Roc i na Thaís voldrien anar a Bellpuig.	0	2				ca	
78ec814c3a17086bfbff13323ae5d1d38a57f64e0d157b5b4fa7017bf4ecff7749985ef359c1d397f59c193f7d7f2f5f39454d128cd055bcb50480ef80819139	common_voice_ca_35172953.mp3	Tragué tot el líquid que contenia la baieta d'una manera certament sensual.	0	4	seventies	female	central	ca	
2b59e9f830e5ea00c500b63eff4e72553e0c2608f5741d35c226e733400412014d7697bd6efb67bc61b19fd61e40f9ed70fde2589fe0b5498915eebc1c8b5d93	common_voice_ca_35173457.mp3	El setè eó és completament Sàbat i descans etern per sempre.	0	3	fourties	male	nord-occidental,Tortosí	ca	
e2149bbcce2cefa64933ebbd2df8b55a5db7863a7d54f883bc4603040bfbcafe43288707278b223eb9b77d89b01d606a70cc737cd2078018c3813037c0885580	common_voice_ca_35174865.mp3	Guarda el sis, setanta-tres, zero, vint-i-sis, zero, tres com a telèfon del Ferran Feria.	0	2	sixties	male		ca	
78ec814c3a17086bfbff13323ae5d1d38a57f64e0d157b5b4fa7017bf4ecff7749985ef359c1d397f59c193f7d7f2f5f39454d128cd055bcb50480ef80819139	common_voice_ca_35177360.mp3	En finlandès és un cercle dins del qual pot succeir qualsevol cosa”.	0	2	seventies	female	central	ca	
f21dfe58bef28afdd8388a747dd6b5695fc6fc2e04ce0e8c22b97b5398952a3585c927de58412377a13bdd4d1849e71185bdf84e7f0849435a86f0d0cfd0e9c4	common_voice_ca_35178025.mp3	El vint-i-nou de febrer en Biel i en Tom iran a Olocau.	1	2	fifties	female		ca	
f21dfe58bef28afdd8388a747dd6b5695fc6fc2e04ce0e8c22b97b5398952a3585c927de58412377a13bdd4d1849e71185bdf84e7f0849435a86f0d0cfd0e9c4	common_voice_ca_35178647.mp3	A Xacarella hi ha estació de tren?	0	2	fifties	female		ca	
703e9b6143668622bc6c7b6abd8e7807b69a9f356ff1ad096b42c7c1de1b6f6c3068d7f8d4873f756df335337672991d512515f9d16bbdf5a5a4daa553189db6	common_voice_ca_35178804.mp3	Divendres en Gerai i na Tanit aniran a Santa Eulàlia de Riuprimer.	0	2				ca	
78ec814c3a17086bfbff13323ae5d1d38a57f64e0d157b5b4fa7017bf4ecff7749985ef359c1d397f59c193f7d7f2f5f39454d128cd055bcb50480ef80819139	common_voice_ca_35180383.mp3	El govern garantirà la igualtat efectiva entre homes i dones en la contractació pública	0	4	seventies	female	central	ca	
78ec814c3a17086bfbff13323ae5d1d38a57f64e0d157b5b4fa7017bf4ecff7749985ef359c1d397f59c193f7d7f2f5f39454d128cd055bcb50480ef80819139	common_voice_ca_35180365.mp3	El vint-i-tres de maig na Sira i na Carla iran a Redovà.	2	2	seventies	female	central	ca	
5eabd4ecac8c212454c8f310d38a2327d787426cd129c3a9224d1acb05c48c2300de786c62f0f525c442a02bc451fb741ae8246120a755d2bcad5b068c035aa1	common_voice_ca_35189136.mp3	Dijous n'Oriol i en Quel aniran a Garriguella.	0	2	fifties	female	aprenent (recent, des d'altres llengües)	ca	
5eabd4ecac8c212454c8f310d38a2327d787426cd129c3a9224d1acb05c48c2300de786c62f0f525c442a02bc451fb741ae8246120a755d2bcad5b068c035aa1	common_voice_ca_35189144.mp3	Jo, mentrestant, continuo quiet i només em moc per posar-me el gel.	0	2	fifties	female	aprenent (recent, des d'altres llengües)	ca	
4c68521f12c126a6b98a53526a722e7cf4aa8e52fc75e6e4843d94401c336363232265a41c4cf28d62b14ee931cd796a08aedf7389057a5301fb828e70cfa014	common_voice_ca_35191036.mp3	Part del poema dramàtic que segueix la pròtasi i precedeix la catàstrofe.	0	2				ca	
e9da36b2cd9990858f7ff8bea0ac1dcba93211112b4849f186feaa8c4ddfad60a09cd1f1dcba79fc435da68e979f580cc63596438a529b3f119b3a35531145da	common_voice_ca_35193012.mp3	Ha treballat com a productor executiu, presentador, director, guionista, realitzador.	2	2	fourties	male	central	ca	
ec930d23ce45bf525aad628b67334c6e1693de17193c5737354e4b8398d441d81efc4951a00ad4091cd0856f68ead3e9a9b43e2dbf71a33ca5c95f1675ab8fe3	common_voice_ca_35195520.mp3	Juan Goytisolo va ser un escriptor nascut a Barcelona.	1	2				ca	
971e34274672727cdc3ea219781f1fe03c79d653bc9642129831e57b5fafbbba4eb83b053eb6468d5ae3a4e204019a0c45b6b757cd83227e559f35dbac0896c7	common_voice_ca_35199462.mp3	No hi ha dades confiables sobre si l'anilina afecta adversament la reproducció en éssers humans.	0	2			nord-occidental	ca	
b4099aca52d97374d7df6eff56b7da5272d48eebe7434e3cddbd26610112ad34bd74cff4bb3cf69b1110ce68f962eee266c6c30d07b455da6e5e8dca2e2b358c	common_voice_ca_35200196.mp3	Els seus familiars inclouen Yuri Rasovsky, Solomon Rosowsky, Baruch Leib Rosowsky i Dana Sandra Wile.	0	2				ca	
971e34274672727cdc3ea219781f1fe03c79d653bc9642129831e57b5fafbbba4eb83b053eb6468d5ae3a4e204019a0c45b6b757cd83227e559f35dbac0896c7	common_voice_ca_35200555.mp3	Els qui incompleixin la mesura podrien ser sancionats amb multes fins a tres mil sis-cents euros.	2	2			nord-occidental	ca	
4c68521f12c126a6b98a53526a722e7cf4aa8e52fc75e6e4843d94401c336363232265a41c4cf28d62b14ee931cd796a08aedf7389057a5301fb828e70cfa014	common_voice_ca_35200368.mp3	Dimarts en Drac i na Mariona iran a Torreblanca.	0	2				ca	
a3c20274f1a7498eb0d9dc4e7731283f8f31716633ced33358863d3556b34df2770ee4ac24acb47d37b2f48cb9d8aa7a3708db4e0b8a0daa1b684c76646ecde0	common_voice_ca_35203732.mp3	Potser el farà posar-se violent i començarà a trencar coses.	0	2				ca	
ec930d23ce45bf525aad628b67334c6e1693de17193c5737354e4b8398d441d81efc4951a00ad4091cd0856f68ead3e9a9b43e2dbf71a33ca5c95f1675ab8fe3	common_voice_ca_35206956.mp3	La ciutat està situada al nord-est de la Vall de Goshen; Santaquin es troba adjacent al sud-est.	0	2				ca	
5eabd4ecac8c212454c8f310d38a2327d787426cd129c3a9224d1acb05c48c2300de786c62f0f525c442a02bc451fb741ae8246120a755d2bcad5b068c035aa1	common_voice_ca_35215448.mp3	Per Sant Jordi en Sergi i na Berta iran al cinema.	2	2	fifties	female	aprenent (recent, des d'altres llengües)	ca	
ec930d23ce45bf525aad628b67334c6e1693de17193c5737354e4b8398d441d81efc4951a00ad4091cd0856f68ead3e9a9b43e2dbf71a33ca5c95f1675ab8fe3	common_voice_ca_35216688.mp3	El canal de Keweenaw, que travessa la península, ocupa un lloc central.	0	2	fourties	male		ca	
5eabd4ecac8c212454c8f310d38a2327d787426cd129c3a9224d1acb05c48c2300de786c62f0f525c442a02bc451fb741ae8246120a755d2bcad5b068c035aa1	common_voice_ca_35219326.mp3	El seu hàbitat són els boscos caducifolis i les selves pluvials humides riberenques.	2	4	fifties	female	aprenent (recent, des d'altres llengües)	ca	
02aba67350941cfb8a1360a8512707c82c08c3dc83dd5f9d71c86902cba0216cf9e52f78156b3b1c777d3ee90ea5425fdeee8781afe96efc605c5c33026170be	common_voice_ca_35224667.mp3	Divendres en Quim i en Cesc van al Far d'Empordà.	2	2	fourties	female	Camp de Tarragona	ca	
78ec814c3a17086bfbff13323ae5d1d38a57f64e0d157b5b4fa7017bf4ecff7749985ef359c1d397f59c193f7d7f2f5f39454d128cd055bcb50480ef80819139	common_voice_ca_35232139.mp3	Per Sant Jordi en Guifré irà al teatre.	0	2	seventies	female	central	ca	
e2149bbcce2cefa64933ebbd2df8b55a5db7863a7d54f883bc4603040bfbcafe43288707278b223eb9b77d89b01d606a70cc737cd2078018c3813037c0885580	common_voice_ca_35241010.mp3	Com ho puc fer per anar al carrer Segura cantonada Serra i Hunter?	1	2	sixties	male		ca	
7caf2af78fac7e7f359f152a7b2261dc33c3499cf4434ec92151331764569bdb0914eb60415f228050c76557ccf969f3c9a5f903ebcc62e86618c2817af56f05	common_voice_ca_35250914.mp3	Jo vellege, qualle, vogisc, revoltege, perfaig, suporte	0	6			central	ca	
7caf2af78fac7e7f359f152a7b2261dc33c3499cf4434ec92151331764569bdb0914eb60415f228050c76557ccf969f3c9a5f903ebcc62e86618c2817af56f05	common_voice_ca_35251144.mp3	El deu d'agost na Cel i en Marcel van a Sanaüja.	0	4			central	ca	
7caf2af78fac7e7f359f152a7b2261dc33c3499cf4434ec92151331764569bdb0914eb60415f228050c76557ccf969f3c9a5f903ebcc62e86618c2817af56f05	common_voice_ca_35251188.mp3	El seu cognom és Roces: erra, o, ce, e, essa.	0	2			central	ca	
2b59e9f830e5ea00c500b63eff4e72553e0c2608f5741d35c226e733400412014d7697bd6efb67bc61b19fd61e40f9ed70fde2589fe0b5498915eebc1c8b5d93	common_voice_ca_35253809.mp3	Es troba dins del cercle polar àrtic.	0	3	fourties	male	nord-occidental,Tortosí	ca	
bfe8d96ce71f9cce7bd16b5282041c66773405f1a11f4f0c8d3b6e81646f262bdac0cb3ee8f54e13175ba9ed7da38407e8a9aeff20972271f0c62c0b19f8b644	common_voice_ca_35255611.mp3	Va néixer a Pudsey, West Yorkshire.	0	2	sixties	male	central	ca	
0cf0a491835f85055777563b875ddfb621d6d67b147ad6bf91afb961e21e3ef5b9feee710660feae899f5d0ba6eb94c4a18e48af2f70e7f840cbfddaa08524dd	common_voice_ca_35256340.mp3	Dijous en Ton i en Quel van a la Vila Joiosa.	0	2				ca	
2b59e9f830e5ea00c500b63eff4e72553e0c2608f5741d35c226e733400412014d7697bd6efb67bc61b19fd61e40f9ed70fde2589fe0b5498915eebc1c8b5d93	common_voice_ca_35259080.mp3	El componen tots els altres que no som nosaltres.	0	3	fourties	male	nord-occidental,Tortosí	ca	
e77814d788e9aff25933681f196dd9590a1a7de211e3c5e2a94af6a30fc6278d3fbea15c3f173d8f871773f6edf26098ba5d5c39428bb1e694091d8cb7615d71	common_voice_ca_35259486.mp3	Per Sant Jordi en Telm i na Berta iran a la biblioteca.	0	2				ca	
2182917ae08eb0346a63db04069b27cda00395dc59dc786746f0776701e1fe5ed01857795fd8ca07c8fc8fed5840b0bec90bae713b63027ccf1276816565b035	common_voice_ca_35261736.mp3	Telefona a la Maria Erro.	0	2			central	ca	
2182917ae08eb0346a63db04069b27cda00395dc59dc786746f0776701e1fe5ed01857795fd8ca07c8fc8fed5840b0bec90bae713b63027ccf1276816565b035	common_voice_ca_35261791.mp3	El vint-i-tres de maig na Bruna anirà a Puigdàlber.	2	2	thirties	male	central	ca	
55b73b71cc5603ea96ba12c41f22f377d63089e35c88c36a69f6e1db3f2eb32175ed02d0851a5a51b40c73b56d313de24c56020a8bb9011753e143670d831305	common_voice_ca_35262458.mp3	Programa el televisor de l'habitació dels nens.	0	2	sixties	female	hola que tal, com vas?	ca	
bfe8d96ce71f9cce7bd16b5282041c66773405f1a11f4f0c8d3b6e81646f262bdac0cb3ee8f54e13175ba9ed7da38407e8a9aeff20972271f0c62c0b19f8b644	common_voice_ca_35263799.mp3	La zona compta amb l'estació de tren de Saint Michaels de la Northern Line de Merseyrail.	0	2	sixties	male	central	ca	
55b73b71cc5603ea96ba12c41f22f377d63089e35c88c36a69f6e1db3f2eb32175ed02d0851a5a51b40c73b56d313de24c56020a8bb9011753e143670d831305	common_voice_ca_35264006.mp3	Altres carreteres principals suburbanes inclouen Kensington, Magill i Greenhill Roads, que van d'est a oest.	2	2	sixties	female	hola que tal, com vas?	ca	
5eabd4ecac8c212454c8f310d38a2327d787426cd129c3a9224d1acb05c48c2300de786c62f0f525c442a02bc451fb741ae8246120a755d2bcad5b068c035aa1	common_voice_ca_35266236.mp3	Altres afeccions com l'autisme afecten enormement la capacitat comunicativa i per tant requereixen educació especial.	0	2	fifties	female	aprenent (recent, des d'altres llengües)	ca	
85c9e13ccfc0d67de10281b04257d8ac0c256d2f9415e54148fb59954c0d43f66d3cbea43ea6389f8407a8bda8b1b1becd30e41dfbb3dd9bebbe69816d096fa9	common_voice_ca_35266926.mp3	Rússia, amb sis punt dos quatre dos cinc punt cinc-cents vint-i-dos casos i cent cinquanta-set mil dos-cents noranta-sis morts.	0	3	sixties	male	central	ca	
0143b5ff8cd8e5a3dda5f3d827767f860ba84c892ab41c419fa6dd7180a30f77aa4c3eb6d06f1a35070d650851aed0672feff3248a3dd133001e8cf03db02402	common_voice_ca_35267010.mp3	Treballà a la Universitat de Würzburg.	0	4	sixties	male	Alcarrasì	ca	
2a9dba3432e1ecf42c5443a94df1f352cf39aeef3bdfb9a461d99366da09007276987fcd06eea4c5e038dbee560e5b8896dd74b861a9edb2c827cac8804c75ec	common_voice_ca_35267396.mp3	Biscaia va passar de sis a quatre circumscripcions.	0	2	fifties	male	central	ca	
bfe8d96ce71f9cce7bd16b5282041c66773405f1a11f4f0c8d3b6e81646f262bdac0cb3ee8f54e13175ba9ed7da38407e8a9aeff20972271f0c62c0b19f8b644	common_voice_ca_35268742.mp3	No hi jugo mai, al disset —sentencia la Dora.	0	2	sixties	male	central	ca	
bfe8d96ce71f9cce7bd16b5282041c66773405f1a11f4f0c8d3b6e81646f262bdac0cb3ee8f54e13175ba9ed7da38407e8a9aeff20972271f0c62c0b19f8b644	common_voice_ca_35268892.mp3	També va coescriure una cançó, "Forever", amb Welch i John McVie.	0	2	sixties	male	central	ca	
62a6e04465e7bb79376700e328418fe8e86170c8dd714f4cbcdbffa7e905045fd5ecc9e519ffd3a92c47e4eea1a31d1ac7967f3256164e29352afd02a176800a	common_voice_ca_35269686.mp3	Divendres en Guifré i en Quintí iran a l'Énova.	0	2				ca	
7be80473a417c1498fa619301b69ed43c884a786bb9d6a481f78a2feef6ba76ec26d215473845be82b98c7291952cf57c4495da0878bab65fd873ca4465e737b	common_voice_ca_35272163.mp3	Demà passat en Joel va a Sagra.	0	2	thirties	male	nord-occidental	ca	
20e1919fc88be6a7ad571a6725d7fb496aa046fbff9319259edbb0a22668a2809219d01abd0f608887a310808f7600aad8283a62e84ec74d523278ea150ae8d4	common_voice_ca_35274836.mp3	L'equip es va enfrontar en la gran final, perdent contra l'Aberfeldie Football Club.	0	4	fifties	male	central	ca	
ec930d23ce45bf525aad628b67334c6e1693de17193c5737354e4b8398d441d81efc4951a00ad4091cd0856f68ead3e9a9b43e2dbf71a33ca5c95f1675ab8fe3	common_voice_ca_35275893.mp3	El vint-i-nou de febrer na Nara vol anar al cinema.	0	2	fourties	male		ca	
84cb761fe18791b1c3b05f993b71bf7eb99806ba7a3beda637243caa5607ab40b29ddc43e37b7969b8dd83a27f3b52305ab31a9821cea4e76d5555c5b6b20c1d	common_voice_ca_35276789.mp3	Es va formar una guàrdia civil, composada per caçadors a cavall i artilleria.	2	4	sixties	male	central	ca	
5eabd4ecac8c212454c8f310d38a2327d787426cd129c3a9224d1acb05c48c2300de786c62f0f525c442a02bc451fb741ae8246120a755d2bcad5b068c035aa1	common_voice_ca_35279117.mp3	A la majoria d'angolesos els agrada el futbol.	0	2	fifties	female	aprenent (recent, des d'altres llengües)	ca	
650d1e85ce0ebcf098b0ac66505bb2bd22f447d682491f3777faa29bbe2119c5d87037efc450e8c153789e990ebf9afa526923396f66ed026d7ebeb74d86043a	common_voice_ca_35279739.mp3	La meva mare es diu Kira Carballido: ce, a, erra, be, a, ela, ela, i, de, o.	2	2	thirties	male	central	ca	
85c9e13ccfc0d67de10281b04257d8ac0c256d2f9415e54148fb59954c0d43f66d3cbea43ea6389f8407a8bda8b1b1becd30e41dfbb3dd9bebbe69816d096fa9	common_voice_ca_35283965.mp3	El seu cognom és Maestro: ema, a, e, essa, te, erra, o.	0	2	sixties	male	central	ca	
5ebf04dfec6c9b10a6fe7fd03725901973565a13530c20d02b4332670cce9beab185dd0b0f61f4a87f9c3dacc307d06e062d640f6550d9443a4c06a114e5bca5	common_voice_ca_35284017.mp3	Aquests formats, però, rarament apareixien en estat pur.	0	2	sixties	male	central	ca	
e2149bbcce2cefa64933ebbd2df8b55a5db7863a7d54f883bc4603040bfbcafe43288707278b223eb9b77d89b01d606a70cc737cd2078018c3813037c0885580	common_voice_ca_35284948.mp3	Per tant vull creure que s’estan fent i en la direcció adequada.	0	2	sixties	male		ca	
5eabd4ecac8c212454c8f310d38a2327d787426cd129c3a9224d1acb05c48c2300de786c62f0f525c442a02bc451fb741ae8246120a755d2bcad5b068c035aa1	common_voice_ca_35285259.mp3	La placa original es deia Brenton.	0	2	fifties	female	aprenent (recent, des d'altres llengües)	ca	
5eabd4ecac8c212454c8f310d38a2327d787426cd129c3a9224d1acb05c48c2300de786c62f0f525c442a02bc451fb741ae8246120a755d2bcad5b068c035aa1	common_voice_ca_35287943.mp3	Tilston va treballar al The Essex Scottish Regiment com a administratiu.	0	2	fifties	female	aprenent (recent, des d'altres llengües)	ca	
bfe8d96ce71f9cce7bd16b5282041c66773405f1a11f4f0c8d3b6e81646f262bdac0cb3ee8f54e13175ba9ed7da38407e8a9aeff20972271f0c62c0b19f8b644	common_voice_ca_35288887.mp3	El seu germà, Ambrose Spencer Junior, va morir a la batalla de Lundy's Lane.	0	2	sixties	male	central	ca	
bfe8d96ce71f9cce7bd16b5282041c66773405f1a11f4f0c8d3b6e81646f262bdac0cb3ee8f54e13175ba9ed7da38407e8a9aeff20972271f0c62c0b19f8b644	common_voice_ca_35289112.mp3	Està enterrat a Campo Verano.	0	2	sixties	male	central	ca	
bfe8d96ce71f9cce7bd16b5282041c66773405f1a11f4f0c8d3b6e81646f262bdac0cb3ee8f54e13175ba9ed7da38407e8a9aeff20972271f0c62c0b19f8b644	common_voice_ca_35296235.mp3	La parella va viure molts anys a "Ten Chimneys" a Genesee Depot, Wisconsin.	0	2	sixties	male	central	ca	
85c9e13ccfc0d67de10281b04257d8ac0c256d2f9415e54148fb59954c0d43f66d3cbea43ea6389f8407a8bda8b1b1becd30e41dfbb3dd9bebbe69816d096fa9	common_voice_ca_35299176.mp3	Va ocupar il·legalment Platja Flamenco a Culebra durant tres dies.	0	2	sixties	male	central	ca	
363ad4773202fee00cb4497e93c2f503d47ea9ae1d1fa8e5fc0c5485af4b05a5c155b3c46faf432b4ecec7f8c5a898959b5b1694d05b501648028942d209226b	common_voice_ca_35299326.mp3	El vint-i-tres de maig na Blanca i en Sergi aniran a Benijòfar.	0	2	twenties	female	central	ca	
363ad4773202fee00cb4497e93c2f503d47ea9ae1d1fa8e5fc0c5485af4b05a5c155b3c46faf432b4ecec7f8c5a898959b5b1694d05b501648028942d209226b	common_voice_ca_35299333.mp3	Després d'adonar-se que l'Spike que havia estimat ja no tornarà mai més, la Drusilla marxa desconsolada de Sunnydale.	2	2	twenties	female	central	ca	
5ebf04dfec6c9b10a6fe7fd03725901973565a13530c20d02b4332670cce9beab185dd0b0f61f4a87f9c3dacc307d06e062d640f6550d9443a4c06a114e5bca5	common_voice_ca_35299595.mp3	El centre veïnal Dollarhide de Compton li deu el nom.	0	3	sixties	male	central	ca	
bfe8d96ce71f9cce7bd16b5282041c66773405f1a11f4f0c8d3b6e81646f262bdac0cb3ee8f54e13175ba9ed7da38407e8a9aeff20972271f0c62c0b19f8b644	common_voice_ca_35311719.mp3	El nom de la ciutat es deu als banquers Charles i W. H. Lyman.	0	2	sixties	male	central	ca	
bfe8d96ce71f9cce7bd16b5282041c66773405f1a11f4f0c8d3b6e81646f262bdac0cb3ee8f54e13175ba9ed7da38407e8a9aeff20972271f0c62c0b19f8b644	common_voice_ca_35311864.mp3	Com em pot dir això, que em refereixo a sospites?	0	2	sixties	male	central	ca	
a4b8fa949865e0aa45147a27f0a034a26e34745d624dcf0603dd25fd1ce279eaf2d073a853d67e6432447d5e06708d71a9cddac0d2918876d2d3498af3ae0892	common_voice_ca_35311919.mp3	Divendres en Guiu i en Bru van a la Vall de Bianya.	0	4	thirties	male	central	ca	
5ebf04dfec6c9b10a6fe7fd03725901973565a13530c20d02b4332670cce9beab185dd0b0f61f4a87f9c3dacc307d06e062d640f6550d9443a4c06a114e5bca5	common_voice_ca_35318205.mp3	"Bobbili Raja" segueix essent avui en dia una de les pel·lícules telugu més famoses.	0	2	sixties	male	central	ca	
2a9dba3432e1ecf42c5443a94df1f352cf39aeef3bdfb9a461d99366da09007276987fcd06eea4c5e038dbee560e5b8896dd74b861a9edb2c827cac8804c75ec	common_voice_ca_35318780.mp3	Junt amb bona informació zoològica s'hi inclouen algunes faules.	0	2	fifties	male	central	ca	
a4b8fa949865e0aa45147a27f0a034a26e34745d624dcf0603dd25fd1ce279eaf2d073a853d67e6432447d5e06708d71a9cddac0d2918876d2d3498af3ae0892	common_voice_ca_35325811.mp3	El cognom és Villarejo: ve baixa, i, ela, ela, a, erra, e, jota, o.	0	2	thirties	male	central	ca	
e2149bbcce2cefa64933ebbd2df8b55a5db7863a7d54f883bc4603040bfbcafe43288707278b223eb9b77d89b01d606a70cc737cd2078018c3813037c0885580	common_voice_ca_35326017.mp3	El vint-i-nou de febrer na Lis i en Damià van a Fontanals de Cerdanya.	1	2	sixties	male		ca	
a4b8fa949865e0aa45147a27f0a034a26e34745d624dcf0603dd25fd1ce279eaf2d073a853d67e6432447d5e06708d71a9cddac0d2918876d2d3498af3ae0892	common_voice_ca_35326063.mp3	Esther Sullastres és una futbolista nascuda a Torroella de Montgrí.	0	4	thirties	male	central	ca	
a4b8fa949865e0aa45147a27f0a034a26e34745d624dcf0603dd25fd1ce279eaf2d073a853d67e6432447d5e06708d71a9cddac0d2918876d2d3498af3ae0892	common_voice_ca_35326172.mp3	Per Sant Jordi en Quer i en Pere volen anar al cinema.	0	2	thirties	male	central	ca	
2a9dba3432e1ecf42c5443a94df1f352cf39aeef3bdfb9a461d99366da09007276987fcd06eea4c5e038dbee560e5b8896dd74b861a9edb2c827cac8804c75ec	common_voice_ca_35326910.mp3	El vint-i-nou de febrer en Lluc i en Guim aniran d'excursió.	2	4	fifties	male	central	ca	
5eabd4ecac8c212454c8f310d38a2327d787426cd129c3a9224d1acb05c48c2300de786c62f0f525c442a02bc451fb741ae8246120a755d2bcad5b068c035aa1	common_voice_ca_35329595.mp3	Daud assisteix a la conferència de Belgrad de nacions no alineades i visita primer Gran Bretanya i Alemanya Occidental.	0	2	fifties	female	aprenent (recent, des d'altres llengües)	ca	
274663066bce8adff793558c0aa0a5cb64b033cb67670a302200bcd7e12da89a9b01082685dc2093513fb7290a35a912922c452ee4e4c9846f4ea4f5b8d9a32a	common_voice_ca_35330656.mp3	Dimarts na Bruna i en Nil aniran a Sant Fost de Campsentelles.	0	2	fifties	male	central	ca	
bfe8d96ce71f9cce7bd16b5282041c66773405f1a11f4f0c8d3b6e81646f262bdac0cb3ee8f54e13175ba9ed7da38407e8a9aeff20972271f0c62c0b19f8b644	common_voice_ca_35333452.mp3	El meu pare es diu Gael Abdellaoui: a, be, de, e, ela, ela, a, o, u, i.	0	2	sixties	male	central	ca	
bfe8d96ce71f9cce7bd16b5282041c66773405f1a11f4f0c8d3b6e81646f262bdac0cb3ee8f54e13175ba9ed7da38407e8a9aeff20972271f0c62c0b19f8b644	common_voice_ca_35333521.mp3	El nom Cuilcagh prové de l'irlandès "Cuilceach", que s'ha traduït com "calcari".	0	2	sixties	male	central	ca	
5ebf04dfec6c9b10a6fe7fd03725901973565a13530c20d02b4332670cce9beab185dd0b0f61f4a87f9c3dacc307d06e062d640f6550d9443a4c06a114e5bca5	common_voice_ca_35336943.mp3	Impressionat per les aptituds oratòries de Hitler, Drexler el va animar a unir-se"n.	0	2	sixties	male	central	ca	
7a4d4917675f7d8bb6bf01f4a1bcbec885c3772388bf82ea59745db3b98feac251dc2dd41a0566aff92797eaf10f996d9ab95f9f3f9cccf10d5f44eb2b17f1d3	common_voice_ca_35343584.mp3	Demà en Quim vol anar al cinema.	0	2				ca	
bfe8d96ce71f9cce7bd16b5282041c66773405f1a11f4f0c8d3b6e81646f262bdac0cb3ee8f54e13175ba9ed7da38407e8a9aeff20972271f0c62c0b19f8b644	common_voice_ca_35344822.mp3	Bona tarda, què voldria?	0	2	sixties	male	central	ca	
c691c9200c3c43838aa67c22c1c9d32e7bd1abb2194e53783517982b92b83fa54a0886ba3ce0dec025a78eb0dc03615ac70c7a67960b0b4b0842f321fff3ec48	common_voice_ca_35347975.mp3	El nom real de Chiquito era Augusto Valdés Pangan, Sr. i va néixer a Manila.	0	2	thirties	male		ca	
5eabd4ecac8c212454c8f310d38a2327d787426cd129c3a9224d1acb05c48c2300de786c62f0f525c442a02bc451fb741ae8246120a755d2bcad5b068c035aa1	common_voice_ca_35371753.mp3	El seu cognom vertader era Ball, i va néixer a Burwell, Cambridgeshire.	0	2	fifties	female	aprenent (recent, des d'altres llengües)	ca	
85c9e13ccfc0d67de10281b04257d8ac0c256d2f9415e54148fb59954c0d43f66d3cbea43ea6389f8407a8bda8b1b1becd30e41dfbb3dd9bebbe69816d096fa9	common_voice_ca_35373357.mp3	El DNI del meu germà és el 64842659G.	0	2	sixties	male	central	ca	
98134dc65d799e807083ce61108e6229797620e4a441b01cf1d4911d0b177eac1a4525ce362a3c6441f66e4ab9d445b016002f7c73c4308754b932cd4983e94c	common_voice_ca_35409450.mp3	Demà passat na Dàlia i en Quixot aniran a Sant Bartomeu del Grau.	2	2				ca	
e2149bbcce2cefa64933ebbd2df8b55a5db7863a7d54f883bc4603040bfbcafe43288707278b223eb9b77d89b01d606a70cc737cd2078018c3813037c0885580	common_voice_ca_35448661.mp3	Farooqi podria haver estat un associat de Khalid Shaikh Mohammed.	1	2	sixties	male		ca	
84cb761fe18791b1c3b05f993b71bf7eb99806ba7a3beda637243caa5607ab40b29ddc43e37b7969b8dd83a27f3b52305ab31a9821cea4e76d5555c5b6b20c1d	common_voice_ca_35449845.mp3	La meva mare es diu Mariona Torrente: te, o, erra, erra, e, ena, te, e.	2	2	sixties	male	central	ca	
e2149bbcce2cefa64933ebbd2df8b55a5db7863a7d54f883bc4603040bfbcafe43288707278b223eb9b77d89b01d606a70cc737cd2078018c3813037c0885580	common_voice_ca_35476309.mp3	Vull dir, acompanyant per un dia.	0	2	sixties	male		ca	
5ebf04dfec6c9b10a6fe7fd03725901973565a13530c20d02b4332670cce9beab185dd0b0f61f4a87f9c3dacc307d06e062d640f6550d9443a4c06a114e5bca5	common_voice_ca_35494398.mp3	Fairlea és la localització de la fira anual de l'estat de Virgínia Occidental, que se celebra a l'agost.	0	2	sixties	male	central	ca	
250cec7fdc363a76ca49b67f3111dbdf4d9f7c9fa428a6eab243480b5626bc54d8ca300d6d49a4102176537eef14a4ae26bd6f353eb825bed0cbe1fd2e6698b1	common_voice_ca_35511841.mp3	Seguiren quatre dies més de celebracions, amb diversos actes religiosos i civils.	2	2	fourties	male	central	ca	
250cec7fdc363a76ca49b67f3111dbdf4d9f7c9fa428a6eab243480b5626bc54d8ca300d6d49a4102176537eef14a4ae26bd6f353eb825bed0cbe1fd2e6698b1	common_voice_ca_35511898.mp3	En la programació d'una unitat de procediment pot ser una funció individual o procediment.	0	2	fourties	male	central	ca	
f5143c99be3f89df9a15fd4d247dd63a7db7678de8ff32c20859d30eed92b8b12dd96cb1d70a8462d1e58b56d608de186935c0b77be80ec5921c9754096111d1	common_voice_ca_35563403.mp3	Viu a Colòmbia, Veneçuela i les Antilles Neerlandeses.	0	2			central	ca	
f5143c99be3f89df9a15fd4d247dd63a7db7678de8ff32c20859d30eed92b8b12dd96cb1d70a8462d1e58b56d608de186935c0b77be80ec5921c9754096111d1	common_voice_ca_35567397.mp3	Francesc Corberó i Not va ser un clarinetista i director de corals nascut a Lleida.	2	2			central	ca	
e2149bbcce2cefa64933ebbd2df8b55a5db7863a7d54f883bc4603040bfbcafe43288707278b223eb9b77d89b01d606a70cc737cd2078018c3813037c0885580	common_voice_ca_35608897.mp3	Demà n'Hug va a l'Alfàs del Pi.	0	2	sixties	male		ca	
bfe8d96ce71f9cce7bd16b5282041c66773405f1a11f4f0c8d3b6e81646f262bdac0cb3ee8f54e13175ba9ed7da38407e8a9aeff20972271f0c62c0b19f8b644	common_voice_ca_35641808.mp3	També van obrir per a The Clash, John Cale, The Police i Johnny Thunders.	0	2	sixties	male	central	ca	
85c9e13ccfc0d67de10281b04257d8ac0c256d2f9415e54148fb59954c0d43f66d3cbea43ea6389f8407a8bda8b1b1becd30e41dfbb3dd9bebbe69816d096fa9	common_voice_ca_35653430.mp3	Per tant, Alastair era besnét de la Reina Victòria per les dues bandes.	0	2	sixties	male	central	ca	
85c9e13ccfc0d67de10281b04257d8ac0c256d2f9415e54148fb59954c0d43f66d3cbea43ea6389f8407a8bda8b1b1becd30e41dfbb3dd9bebbe69816d096fa9	common_voice_ca_35653571.mp3	També es poden utilitzar els acoblaments MicroTrains o Kadee destinats al calibre N.	0	2	sixties	male	central	ca	
e2149bbcce2cefa64933ebbd2df8b55a5db7863a7d54f883bc4603040bfbcafe43288707278b223eb9b77d89b01d606a70cc737cd2078018c3813037c0885580	common_voice_ca_35661006.mp3	Simmons es va reunir amb Ned Tanen, un executiu dels Universal Studios.	0	2	sixties	male		ca	
e2149bbcce2cefa64933ebbd2df8b55a5db7863a7d54f883bc4603040bfbcafe43288707278b223eb9b77d89b01d606a70cc737cd2078018c3813037c0885580	common_voice_ca_35663104.mp3	Per Sant Jordi en Marc i en Guim iran a Alberic.	0	2	sixties	male		ca	
07a51d8df8fd5fb20efb7e8e3d2dbf802142d51e03cf52ff0ae1f75f4c84060ac360e924105a39dbdea809f358e659bb92bbd3d435af5d2812b6bc49f336b402	common_voice_ca_35673119.mp3	Demyansk es troba a la carretera que uneix Yazhelbitsy i Staraya Russa.	0	2	fifties	female		ca	
7caf2af78fac7e7f359f152a7b2261dc33c3499cf4434ec92151331764569bdb0914eb60415f228050c76557ccf969f3c9a5f903ebcc62e86618c2817af56f05	common_voice_ca_35745051.mp3	S'aprecia en el vi algunes característiques fisiològiques com la producció d'àcid acètic.	0	2			central	ca	
ec930d23ce45bf525aad628b67334c6e1693de17193c5737354e4b8398d441d81efc4951a00ad4091cd0856f68ead3e9a9b43e2dbf71a33ca5c95f1675ab8fe3	common_voice_ca_35745771.mp3	La notícia no la va descoratjar.	1	2	fourties	male		ca	
5eabd4ecac8c212454c8f310d38a2327d787426cd129c3a9224d1acb05c48c2300de786c62f0f525c442a02bc451fb741ae8246120a755d2bcad5b068c035aa1	common_voice_ca_35747372.mp3	I que expressem amb contundència.	0	2	fifties	female	aprenent (recent, des d'altres llengües)	ca	
84cb761fe18791b1c3b05f993b71bf7eb99806ba7a3beda637243caa5607ab40b29ddc43e37b7969b8dd83a27f3b52305ab31a9821cea4e76d5555c5b6b20c1d	common_voice_ca_35766983.mp3	Fins i tot en alguns casos es necessiten cadenes per a circular-hi.	2	4	sixties	male	central	ca	
84cb761fe18791b1c3b05f993b71bf7eb99806ba7a3beda637243caa5607ab40b29ddc43e37b7969b8dd83a27f3b52305ab31a9821cea4e76d5555c5b6b20c1d	common_voice_ca_35766862.mp3	Esteve de Sort va ser un compositor i organista nascut a Sort.	0	2	sixties	male	central	ca	
0946845071e2c7cfab7c923c00b9ab6883fed6cc5e9d29a35d658cd5b31cab79b64e082d6afb8f3b55fb35be1e365fb54511321c46f05f22340fe131a114c9b1	common_voice_ca_35816303.mp3	La zona de Kokshetau és coneguda pels seus dos parcs nacionals, Burabay i Kokshetau.	2	2			Barcelona	ca	
4022468bce70798cd3efef3a1714b7636a204be7acd8fd9f01287d0c0a65917af33f90e8562cdeaf47e48bd2623a2ef631a051396e646eb00653715c6f49d95a	common_voice_ca_35828719.mp3	Qualsevol elector podia votar a qualsevol col·legi electoral.	0	2	sixties	male	Català oriental	ca	
4022468bce70798cd3efef3a1714b7636a204be7acd8fd9f01287d0c0a65917af33f90e8562cdeaf47e48bd2623a2ef631a051396e646eb00653715c6f49d95a	common_voice_ca_35831675.mp3	La meva mare es diu Arlet Somoza: essa, o, ema, o, zeta, a.	0	2	sixties	male	Català oriental	ca	
4022468bce70798cd3efef3a1714b7636a204be7acd8fd9f01287d0c0a65917af33f90e8562cdeaf47e48bd2623a2ef631a051396e646eb00653715c6f49d95a	common_voice_ca_35832986.mp3	Demà passat na Lia anirà a Lliçà de Vall.	0	2	sixties	male	Català oriental	ca	
4022468bce70798cd3efef3a1714b7636a204be7acd8fd9f01287d0c0a65917af33f90e8562cdeaf47e48bd2623a2ef631a051396e646eb00653715c6f49d95a	common_voice_ca_35839702.mp3	Per Sant Jordi en Grau i na Noa iran a Ogassa.	0	2	sixties	male	Català oriental	ca	
4c2fd0492e21b6d32a30a1c688554fca1aac1a6e4a69d99e36768d4755cd46c8a0a3075f85fcf1973cb02b732a3c2448323b9da3625e2ddb14a6d5139db996a8	common_voice_ca_35882451.mp3	En tot cas, vull mirar exactament de què va això, perquè ho desconec.	0	2	sixties	male	central	ca	
4c2fd0492e21b6d32a30a1c688554fca1aac1a6e4a69d99e36768d4755cd46c8a0a3075f85fcf1973cb02b732a3c2448323b9da3625e2ddb14a6d5139db996a8	common_voice_ca_35883206.mp3	Només Jason Hanson havia xutat un gol de camp més llarg com a xutadors dels Lions.	2	2	sixties	male	central	ca	
2b59e9f830e5ea00c500b63eff4e72553e0c2608f5741d35c226e733400412014d7697bd6efb67bc61b19fd61e40f9ed70fde2589fe0b5498915eebc1c8b5d93	common_voice_ca_35884029.mp3	El color de les carns d'una persona.	0	3	fourties	male	nord-occidental,Tortosí	ca	
444f0f5422d6d8df65a071c2737181a0110368ac69baff0b6e879d5b24c6893399d79e81817299d2ab941cc5c6fa0ce0b39852ddf355f8c3546adf054a739c97	common_voice_ca_35920356.mp3	A la coherència i l’honestedat respecte als objectius d’un partit.	1	2				ca	
4b757edd066f6cd58eac156ce64bb27e35ceae729796c69262fbf67838d30b4d04d0ee112531b2449ccadab74bdb6bca29910caa05a1594b67b37324dc2d233a	common_voice_ca_35965624.mp3	Per Sant Jordi en Roger i na Lara iran a la biblioteca.	0	2	thirties	male	central	ca	
bfe8d96ce71f9cce7bd16b5282041c66773405f1a11f4f0c8d3b6e81646f262bdac0cb3ee8f54e13175ba9ed7da38407e8a9aeff20972271f0c62c0b19f8b644	common_voice_ca_35994400.mp3	Els espanyols van construir diversos edificis governamentals, un fort, una església i una escola.	0	2	sixties	male	central	ca	
8b3e143cf0b62600bd8a0d377f1e724ca50ca50e15df947ff8d68cfef0d0df9aa15a82c924a3ebc838a8706f22b2004cd6cf2e435bcbd8a7c5fed29ad588bc3b	common_voice_ca_36001985.mp3	En tenen els restaurants i els programes d'ordinador.	0	2				ca	
99a3e10104d2ff5b3555e352c1f10394b01f88854c1b69e578ee0f561df807cb3630654645c8777b756faf70d44d8034c197ad004b3d5b755d52914860df6345	common_voice_ca_36013457.mp3	Fina ara, només s'ha atorgat el rang a dos oficials de l'exèrcit de l'Índia.	0	2	fourties	male	central	ca	
26c37035d53660dd869ed74ff3f4c6444825c5296873b82348c4925ab83102d39e5bc55ca34a8b5e5a691ac95b4932f4aa06657504378aeab61a83addf26d82e	common_voice_ca_36078330.mp3	Després de Coalhurst, la carretera arriba a Westview Drive W, que permet accedir a West Lethbridge.	0	2				ca	
4022468bce70798cd3efef3a1714b7636a204be7acd8fd9f01287d0c0a65917af33f90e8562cdeaf47e48bd2623a2ef631a051396e646eb00653715c6f49d95a	common_voice_ca_36131114.mp3	Per Cap d'Any en Nil va a les Cabanyes.	0	2	sixties	male	Català oriental	ca	
4bddbf229451128bce45b329a8c0c4bc12a6400707db7291cbd0928b4aaf8b9c732b7753855e278076a62c336134a4e884b7812b7ba7d071cdc6917ac1b8d0db	common_voice_ca_36134606.mp3	També va produir i dissenyar l'àlbum en el seu propi estudi, "Ranxo Relaxo".	0	4	twenties	male	central	ca	
e12788c4f7489a989b5df922f4f92583fb50fad47cdf7248601f89cf9e35523587b2389d594c69a5fff5e3900fe9f37fa216d37cc858c20b820acd6be8f2b1dc	common_voice_ca_36198887.mp3	Quan ho hàgiu fet, ja podreu demanar visita amb el vostre metge.	0	2	fifties	male	nord-occidental	ca	
bfe8d96ce71f9cce7bd16b5282041c66773405f1a11f4f0c8d3b6e81646f262bdac0cb3ee8f54e13175ba9ed7da38407e8a9aeff20972271f0c62c0b19f8b644	common_voice_ca_36259973.mp3	Es van casar "l'any en què Bluebottle va guanyar el Cambridgeshire".	0	2	sixties	male	central	ca	
f23979ffc82595e78aba5a4c805e6ebedec0b2cad0fbec31f7d9a37322c57a4ea34453bee6ce93a680c5c053d2c5038b1d9fce59097a48a7e6ca6c2d2660309b	common_voice_ca_36293207.mp3	Els escalfadors poden variar en longitud i amplada, degut a l'elasticitat del material.	0	3	fourties	other		ca	
e41b29ff50e417d9e82edebbc79edf1f911e183e4f6e5237343cd74ca7907e9b3265cc10914abb9b8473f0fbed91f0342a2f8895ac2205b67e1f816a6d31e45f	common_voice_ca_36303448.mp3	Baixar la temperatura amb una certa voluntat de provocar atxims.	0	2			central	ca	
e12788c4f7489a989b5df922f4f92583fb50fad47cdf7248601f89cf9e35523587b2389d594c69a5fff5e3900fe9f37fa216d37cc858c20b820acd6be8f2b1dc	common_voice_ca_36313472.mp3	Com ho puc fer per anar a Borrassà el cinc d'agost?	0	2	fifties	male	nord-occidental	ca	
84cb761fe18791b1c3b05f993b71bf7eb99806ba7a3beda637243caa5607ab40b29ddc43e37b7969b8dd83a27f3b52305ab31a9821cea4e76d5555c5b6b20c1d	common_voice_ca_36322869.mp3	Jennings va néixer a Mesa, Arizona.	2	2	sixties	male	central	ca	
84cb761fe18791b1c3b05f993b71bf7eb99806ba7a3beda637243caa5607ab40b29ddc43e37b7969b8dd83a27f3b52305ab31a9821cea4e76d5555c5b6b20c1d	common_voice_ca_36322890.mp3	Les víctimes tenen entre divuit i vint-i-cinc anys.	0	2	sixties	male	central	ca	
84cb761fe18791b1c3b05f993b71bf7eb99806ba7a3beda637243caa5607ab40b29ddc43e37b7969b8dd83a27f3b52305ab31a9821cea4e76d5555c5b6b20c1d	common_voice_ca_36322972.mp3	El vint-i-tres de maig en Ferran i en Guim aniran a Andratx.	0	2	sixties	male	central	ca	
5ebf04dfec6c9b10a6fe7fd03725901973565a13530c20d02b4332670cce9beab185dd0b0f61f4a87f9c3dacc307d06e062d640f6550d9443a4c06a114e5bca5	common_voice_ca_36328688.mp3	Es troba adjacent a i al nord de l'"Ohio's Grafton Correctional Institution".	0	2	sixties	male	central	ca	
897e62779916dec5cafa76970307c863d612da1cbf50cb8c46edc9b25f2b77e40a2e136883f174c731a44264ab21674670f09edc47964a76b549167c0715b938	common_voice_ca_36331159.mp3	Aquest veí no el vull.	2	2	sixties	male	nord-occidental	ca	
218ac42f640d3ec8c2445d6bd6af0a531481111e4b8c58801ed33d09a4b3dc0e6446c0b396ed5a57d9c6dc2425728f3a0a0481488efc58359e5489b14097cabe	common_voice_ca_36353106.mp3	Ves-te’n a jugar que ta mare i jo hem de parlar.	0	2				ca	
139429895b80eb41b4d2bf49ff7657db695b59a7b55f247fae41149b906ad67149f5ac49c0dfea219f23e4cfeea1a7f9a2b94f2300c7acdf4fe60a9406581936	common_voice_ca_36374258.mp3	Durant molts anus fou també la seu de l'Església Catòlica Romana a l'arxipèlag.	0	2	teens	female	balear	ca	
f88bcafcd5e14d401a1b58463a2cddb0ff4aba722585bdadc2eb1c40456aa8d7f5e1d1a65a4f49280a321202d8ebe8d90b2d50a849ea52890e482f00ee8794cd	common_voice_ca_36374534.mp3	Squire després va considerar "Onward" com una de les millors cançons que va escriure mai.	1	2				ca	
a4b8fa949865e0aa45147a27f0a034a26e34745d624dcf0603dd25fd1ce279eaf2d073a853d67e6432447d5e06708d71a9cddac0d2918876d2d3498af3ae0892	common_voice_ca_36376276.mp3	Amb aquesta fatxenda que gasta, es fa antipàtic a tothom.	0	2	thirties	male	central	ca	
a4b8fa949865e0aa45147a27f0a034a26e34745d624dcf0603dd25fd1ce279eaf2d073a853d67e6432447d5e06708d71a9cddac0d2918876d2d3498af3ae0892	common_voice_ca_36376299.mp3	Dimarts na Neida i na Zoè van a Cassà de la Selva.	2	2	thirties	male	central	ca	
a4b8fa949865e0aa45147a27f0a034a26e34745d624dcf0603dd25fd1ce279eaf2d073a853d67e6432447d5e06708d71a9cddac0d2918876d2d3498af3ae0892	common_voice_ca_36376323.mp3	Per Cap d'Any na Lia vol anar a la biblioteca.	0	2	thirties	male	central	ca	
a4b8fa949865e0aa45147a27f0a034a26e34745d624dcf0603dd25fd1ce279eaf2d073a853d67e6432447d5e06708d71a9cddac0d2918876d2d3498af3ae0892	common_voice_ca_36376339.mp3	Per Sant Jordi en Guiu i na Sira aniran a Sant Quintí de Mediona.	0	2	thirties	male	central	ca	
a4b8fa949865e0aa45147a27f0a034a26e34745d624dcf0603dd25fd1ce279eaf2d073a853d67e6432447d5e06708d71a9cddac0d2918876d2d3498af3ae0892	common_voice_ca_36376452.mp3	El poeta Homer sovint esmenta Tespròcia, que té una relació d'amistat amb Ítaca i Dulichi.	2	2	thirties	male	central	ca	
5eabd4ecac8c212454c8f310d38a2327d787426cd129c3a9224d1acb05c48c2300de786c62f0f525c442a02bc451fb741ae8246120a755d2bcad5b068c035aa1	common_voice_ca_36380284.mp3	Es troba al municipi de Upper Dublin, al municipi d'Abington i al municipi d'Upper Moreland.	0	2	fifties	female	aprenent (recent, des d'altres llengües)	ca	
88d5bf6dec1c9eed22d65048e6a03a831011b633643d8f8e3dfbf38c583982c75e3c57fe65312e1ab3c412aaece8b0ea66c0af316a3dfcb9fd9efc7feb959815	common_voice_ca_36381330.mp3	Agafes a les balmes una galipàndria que et destrossarà.	0	2				ca	
e9da36b2cd9990858f7ff8bea0ac1dcba93211112b4849f186feaa8c4ddfad60a09cd1f1dcba79fc435da68e979f580cc63596438a529b3f119b3a35531145da	common_voice_ca_36391312.mp3	Diumenge na Blanca i en Sergi iran a Alforja.	0	2	fourties	male	central	ca	
192a724df88531cf8680c5da9724f41ebc174c80b6f61e9ddf4d6908058d0cfd80e8f83572abececec1b9b1ac49181239fd0171fb536153da68ba9f85cf9f860	common_voice_ca_36392856.mp3	Com que la dissolució i la descomposició es produeixen en profunditats majors, les concentracions d'aquests oligoelements augmenten.	0	2				ca	
4022468bce70798cd3efef3a1714b7636a204be7acd8fd9f01287d0c0a65917af33f90e8562cdeaf47e48bd2623a2ef631a051396e646eb00653715c6f49d95a	common_voice_ca_36395695.mp3	Després s'escura la gorja i continua.	2	2	sixties	male	Català oriental	ca	
c3df346f4f18f8a554c7c984bcefc77009e9fef29503bb91ce6f736fdf25cee7f961aede9193477296b82c26a3c4b795de73e5b7777884ce5d6fa236d2195268	common_voice_ca_36425370.mp3	La investiguen per un delicte de desordres públics.	0	2	fourties	female	central	ca	
5eabd4ecac8c212454c8f310d38a2327d787426cd129c3a9224d1acb05c48c2300de786c62f0f525c442a02bc451fb741ae8246120a755d2bcad5b068c035aa1	common_voice_ca_36436780.mp3	La majoria de refugiats kirguisos a l'Afganistan es va assentar a la regió de Wakhan.	0	2	fifties	female	aprenent (recent, des d'altres llengües)	ca	
bf8a9af73874c30758146f9da073882a0e6bccbb0b819f9357ea5e04c35d253dbbf87b2aff2ce8779da78313aa0bd079df031c52188afec1ba3fc523535a074f	common_voice_ca_36467130.mp3	Tanmateix, molts alumnes de Lutterworth College al districte de Harborough en realitat són del districte de Blaby.	0	2	fifties	male		ca	
5ebf04dfec6c9b10a6fe7fd03725901973565a13530c20d02b4332670cce9beab185dd0b0f61f4a87f9c3dacc307d06e062d640f6550d9443a4c06a114e5bca5	common_voice_ca_36473786.mp3	Una part del veïnat s'estén a través d'Allegheny.	0	2	sixties	male	central	ca	
4022468bce70798cd3efef3a1714b7636a204be7acd8fd9f01287d0c0a65917af33f90e8562cdeaf47e48bd2623a2ef631a051396e646eb00653715c6f49d95a	common_voice_ca_36485147.mp3	Jo obsequie, poetitze, polvoritze, regale, sone, vorege	0	4	sixties	male	Català oriental	ca	
4022468bce70798cd3efef3a1714b7636a204be7acd8fd9f01287d0c0a65917af33f90e8562cdeaf47e48bd2623a2ef631a051396e646eb00653715c6f49d95a	common_voice_ca_36485174.mp3	Són oberts la biblioteca, els museus i els centres cívics?	0	2	sixties	male	Català oriental	ca	
4c2fd0492e21b6d32a30a1c688554fca1aac1a6e4a69d99e36768d4755cd46c8a0a3075f85fcf1973cb02b732a3c2448323b9da3625e2ddb14a6d5139db996a8	common_voice_ca_36497745.mp3	La ciutat va ser destruïda per terratrèmols.	0	2	sixties	male	central	ca	
4c2fd0492e21b6d32a30a1c688554fca1aac1a6e4a69d99e36768d4755cd46c8a0a3075f85fcf1973cb02b732a3c2448323b9da3625e2ddb14a6d5139db996a8	common_voice_ca_36497884.mp3	“Ahir es va acordar dur-la a terme”, ha explicat.	0	2	sixties	male	central	ca	
7caf2af78fac7e7f359f152a7b2261dc33c3499cf4434ec92151331764569bdb0914eb60415f228050c76557ccf969f3c9a5f903ebcc62e86618c2817af56f05	common_voice_ca_36505078.mp3	La novel·la comença així, i abraça els mesos de gestació d’aquest quart plançó.	0	2	fourties	male	central	ca	
2b59e9f830e5ea00c500b63eff4e72553e0c2608f5741d35c226e733400412014d7697bd6efb67bc61b19fd61e40f9ed70fde2589fe0b5498915eebc1c8b5d93	common_voice_ca_36515034.mp3	Va estudiar a la Downside School, Somerset, i al Christ's College, a Cambridge.	0	3	fourties	male	nord-occidental,Tortosí	ca	
0106805aed8fd49a0d936872e45ba8052f47ead01e9b9ab2440b0ee9f0acadff987dc9a0ac14b242799e4be9b1e86669fdf646d2abeaed241819e986be60c362	common_voice_ca_36517692.mp3	El nou d'octubre en Guerau anirà a la platja.	0	4	thirties	female	central	ca	
